aacode,cavitywallinsulation,"doorframe:wood,doortype:solid","doorframe:wood,doortype:glazed","doorframe:metal,doortype:solid","doorframe:metal,doortype:glazed","doorframe:upvc,doortype:solid","doorframe:upvc,doortype:glazed",doubleglazedwindowframe,elevationtype,externalwallinsulation,externalwallconstructiontype,internalinsulation,percentagedoubleglazed,singleglazedwindowframe,tenthsattached,tenthsopening,tenthspartywall,angleFromNorth
BEIS01,FALSE,1,0,0,0,1,0,Wood,BACK,FALSE,Cavity,FALSE,75,Wood,0,2,0,6.28318530717959
BEIS61,FALSE,1,0,0,0,1,0,Wood,BACK,FALSE,Cavity,FALSE,75,Wood,0,2,0,6.28318530717959
BEIS31,FALSE,1,0,0,0,1,0,Wood,BACK,FALSE,Cavity,FALSE,75,Wood,0,2,0,6.28318530717959
BEIS01,FALSE,0,0,0,0,1,0,Wood,FRONT,FALSE,Cavity,FALSE,75,Wood,0,2,0,3.14159265358979
BEIS61,FALSE,0,0,0,0,1,0,Wood,FRONT,FALSE,Cavity,FALSE,75,Wood,0,2,0,3.14159265358979
BEIS31,FALSE,0,0,0,0,1,0,Wood,FRONT,FALSE,Cavity,FALSE,75,Wood,0,2,0,3.14159265358979
BEIS01,FALSE,0,0,0,0,0,0,Wood,LEFT,FALSE,Cavity,FALSE,75,Wood,0,1,0,1.5707963267949
BEIS61,FALSE,0,0,0,0,0,0,Wood,LEFT,FALSE,Cavity,FALSE,75,Wood,0,1,0,1.5707963267949
BEIS31,FALSE,0,0,0,0,0,0,Wood,LEFT,FALSE,Cavity,FALSE,75,Wood,0,1,0,1.5707963267949
BEIS01,FALSE,0,0,0,0,0,0,Wood,RIGHT,FALSE,Cavity,FALSE,75,Wood,0,3,0,4.71238898038469
BEIS61,FALSE,0,0,0,0,0,0,Wood,RIGHT,FALSE,Cavity,FALSE,75,Wood,0,3,0,4.71238898038469
BEIS31,FALSE,0,0,0,0,0,0,Wood,RIGHT,FALSE,Cavity,FALSE,75,Wood,0,3,0,4.71238898038469
BEIS02,TRUE,1,0,0,0,0,0,uPVC,BACK,FALSE,Cavity,FALSE,100,NULL,0,2,0,7.85398163397448
BEIS62,TRUE,1,0,0,0,0,0,uPVC,BACK,FALSE,Cavity,FALSE,100,NULL,0,2,0,7.85398163397448
BEIS32,TRUE,1,0,0,0,0,0,uPVC,BACK,FALSE,Cavity,FALSE,100,NULL,0,2,0,7.85398163397448
BEIS02,TRUE,1,0,0,0,0,0,uPVC,FRONT,FALSE,Cavity,FALSE,100,NULL,0,5,0,4.71238898038469
BEIS62,TRUE,1,0,0,0,0,0,uPVC,FRONT,FALSE,Cavity,FALSE,100,NULL,0,5,0,4.71238898038469
BEIS32,TRUE,1,0,0,0,0,0,uPVC,FRONT,FALSE,Cavity,FALSE,100,NULL,0,5,0,4.71238898038469
BEIS02,TRUE,0,0,0,0,0,0,uPVC,LEFT,FALSE,Cavity,FALSE,100,NULL,2,1,2,3.14159265358979
BEIS62,TRUE,0,0,0,0,0,0,uPVC,LEFT,FALSE,Cavity,FALSE,100,NULL,2,1,2,3.14159265358979
BEIS32,TRUE,0,0,0,0,0,0,uPVC,LEFT,FALSE,Cavity,FALSE,100,NULL,2,1,2,3.14159265358979
BEIS02,FALSE,0,0,0,0,0,0,uPVC,RIGHT,FALSE,,FALSE,100,NULL,10,0,10,6.28318530717959
BEIS62,FALSE,0,0,0,0,0,0,uPVC,RIGHT,FALSE,,FALSE,100,NULL,10,0,10,6.28318530717959
BEIS32,FALSE,0,0,0,0,0,0,uPVC,RIGHT,FALSE,,FALSE,100,NULL,10,0,10,6.28318530717959
BEIS03,TRUE,1,0,0,0,0,0,Wood,BACK,FALSE,Cavity,FALSE,100,NULL,0,2,0,3.14159265358979
BEIS63,TRUE,1,0,0,0,0,0,Wood,BACK,FALSE,Cavity,FALSE,100,NULL,0,2,0,3.14159265358979
BEIS33,TRUE,1,0,0,0,0,0,Wood,BACK,FALSE,Cavity,FALSE,100,NULL,0,2,0,3.14159265358979
BEIS03,TRUE,0,0,0,0,1,0,Wood,FRONT,FALSE,Cavity,FALSE,100,NULL,0,2,0,0
BEIS63,TRUE,0,0,0,0,1,0,Wood,FRONT,FALSE,Cavity,FALSE,100,NULL,0,2,0,0
BEIS33,TRUE,0,0,0,0,1,0,Wood,FRONT,FALSE,Cavity,FALSE,100,NULL,0,2,0,0
BEIS03,TRUE,0,0,0,0,0,0,Wood,LEFT,FALSE,Cavity,FALSE,100,NULL,0,1,0,-1.5707963267949
BEIS63,TRUE,0,0,0,0,0,0,Wood,LEFT,FALSE,Cavity,FALSE,100,NULL,0,1,0,-1.5707963267949
BEIS33,TRUE,0,0,0,0,0,0,Wood,LEFT,FALSE,Cavity,FALSE,100,NULL,0,1,0,-1.5707963267949
BEIS03,TRUE,0,0,0,0,0,0,Wood,RIGHT,FALSE,Cavity,FALSE,100,NULL,0,1,0,1.5707963267949
BEIS63,TRUE,0,0,0,0,0,0,Wood,RIGHT,FALSE,Cavity,FALSE,100,NULL,0,1,0,1.5707963267949
BEIS33,TRUE,0,0,0,0,0,0,Wood,RIGHT,FALSE,Cavity,FALSE,100,NULL,0,1,0,1.5707963267949
BEIS04,FALSE,0,0,0,0,2,0,uPVC,BACK,FALSE,Cavity,FALSE,0,uPVC,0,2,0,7.06858347057703
BEIS64,FALSE,0,0,0,0,2,0,uPVC,BACK,FALSE,Cavity,FALSE,0,uPVC,0,2,0,7.06858347057703
BEIS34,FALSE,0,0,0,0,2,0,uPVC,BACK,FALSE,Cavity,FALSE,0,uPVC,0,2,0,7.06858347057703
BEIS04,FALSE,0,0,0,0,1,0,uPVC,FRONT,FALSE,Cavity,FALSE,0,uPVC,0,2,0,3.92699081698724
BEIS64,FALSE,0,0,0,0,1,0,uPVC,FRONT,FALSE,Cavity,FALSE,0,uPVC,0,2,0,3.92699081698724
BEIS34,FALSE,0,0,0,0,1,0,uPVC,FRONT,FALSE,Cavity,FALSE,0,uPVC,0,2,0,3.92699081698724
BEIS04,FALSE,0,0,0,0,0,0,uPVC,LEFT,FALSE,Cavity,FALSE,0,uPVC,0,0,0,2.35619449019234
BEIS64,FALSE,0,0,0,0,0,0,uPVC,LEFT,FALSE,Cavity,FALSE,0,uPVC,0,0,0,2.35619449019234
BEIS34,FALSE,0,0,0,0,0,0,uPVC,LEFT,FALSE,Cavity,FALSE,0,uPVC,0,0,0,2.35619449019234
BEIS04,FALSE,0,0,0,0,0,0,uPVC,RIGHT,FALSE,,FALSE,0,uPVC,10,0,10,5.49778714378214
BEIS64,FALSE,0,0,0,0,0,0,uPVC,RIGHT,FALSE,,FALSE,0,uPVC,10,0,10,5.49778714378214
BEIS34,FALSE,0,0,0,0,0,0,uPVC,RIGHT,FALSE,,FALSE,0,uPVC,10,0,10,5.49778714378214
BEIS05,TRUE,0,0,0,0,0,0,uPVC,BACK,FALSE,Cavity,FALSE,0,uPVC,0,2,0,3.14159265358979
BEIS65,TRUE,0,0,0,0,0,0,uPVC,BACK,FALSE,Cavity,FALSE,0,uPVC,0,2,0,3.14159265358979
BEIS35,TRUE,0,0,0,0,0,0,uPVC,BACK,FALSE,Cavity,FALSE,0,uPVC,0,2,0,3.14159265358979
BEIS05,TRUE,1,0,0,0,0,0,uPVC,FRONT,FALSE,Cavity,FALSE,0,uPVC,0,1,0,0
BEIS65,TRUE,1,0,0,0,0,0,uPVC,FRONT,FALSE,Cavity,FALSE,0,uPVC,0,1,0,0
BEIS35,TRUE,1,0,0,0,0,0,uPVC,FRONT,FALSE,Cavity,FALSE,0,uPVC,0,1,0,0
BEIS05,TRUE,0,0,0,0,0,0,uPVC,LEFT,FALSE,Cavity,FALSE,0,uPVC,0,2,0,-1.5707963267949
BEIS65,TRUE,0,0,0,0,0,0,uPVC,LEFT,FALSE,Cavity,FALSE,0,uPVC,0,2,0,-1.5707963267949
BEIS35,TRUE,0,0,0,0,0,0,uPVC,LEFT,FALSE,Cavity,FALSE,0,uPVC,0,2,0,-1.5707963267949
BEIS05,TRUE,0,0,0,0,0,0,uPVC,RIGHT,FALSE,Cavity,FALSE,0,uPVC,8,0,8,1.5707963267949
BEIS65,TRUE,0,0,0,0,0,0,uPVC,RIGHT,FALSE,Cavity,FALSE,0,uPVC,8,0,8,1.5707963267949
BEIS35,TRUE,0,0,0,0,0,0,uPVC,RIGHT,FALSE,Cavity,FALSE,0,uPVC,8,0,8,1.5707963267949
BEIS06,TRUE,0,0,0,0,2,0,uPVC,BACK,FALSE,Cavity,FALSE,100,NULL,0,2,0,3.14159265358979
BEIS66,TRUE,0,0,0,0,2,0,uPVC,BACK,FALSE,Cavity,FALSE,100,NULL,0,2,0,3.14159265358979
BEIS36,TRUE,0,0,0,0,2,0,uPVC,BACK,FALSE,Cavity,FALSE,100,NULL,0,2,0,3.14159265358979
BEIS06,TRUE,1,0,0,0,0,0,uPVC,FRONT,FALSE,Cavity,FALSE,100,NULL,0,2,0,0
BEIS66,TRUE,1,0,0,0,0,0,uPVC,FRONT,FALSE,Cavity,FALSE,100,NULL,0,2,0,0
BEIS36,TRUE,1,0,0,0,0,0,uPVC,FRONT,FALSE,Cavity,FALSE,100,NULL,0,2,0,0
BEIS06,FALSE,0,0,0,0,0,0,uPVC,LEFT,FALSE,,FALSE,100,NULL,10,0,10,-1.5707963267949
BEIS66,FALSE,0,0,0,0,0,0,uPVC,LEFT,FALSE,,FALSE,100,NULL,10,0,10,-1.5707963267949
BEIS36,FALSE,0,0,0,0,0,0,uPVC,LEFT,FALSE,,FALSE,100,NULL,10,0,10,-1.5707963267949
BEIS06,TRUE,0,0,0,0,0,0,uPVC,RIGHT,FALSE,Cavity,FALSE,100,NULL,0,1,0,1.5707963267949
BEIS66,TRUE,0,0,0,0,0,0,uPVC,RIGHT,FALSE,Cavity,FALSE,100,NULL,0,1,0,1.5707963267949
BEIS36,TRUE,0,0,0,0,0,0,uPVC,RIGHT,FALSE,Cavity,FALSE,100,NULL,0,1,0,1.5707963267949
BEIS07,FALSE,0,0,0,0,0,0,uPVC,BACK,FALSE,Cavity,FALSE,100,NULL,0,2,0,4.71238898038469
BEIS67,FALSE,0,0,0,0,0,0,uPVC,BACK,FALSE,Cavity,FALSE,100,NULL,0,2,0,4.71238898038469
BEIS37,FALSE,0,0,0,0,0,0,uPVC,BACK,FALSE,Cavity,FALSE,100,NULL,0,2,0,4.71238898038469
BEIS07,FALSE,1,0,0,0,0,0,uPVC,FRONT,FALSE,Cavity,FALSE,100,NULL,0,2,0,1.5707963267949
BEIS67,FALSE,1,0,0,0,0,0,uPVC,FRONT,FALSE,Cavity,FALSE,100,NULL,0,2,0,1.5707963267949
BEIS37,FALSE,1,0,0,0,0,0,uPVC,FRONT,FALSE,Cavity,FALSE,100,NULL,0,2,0,1.5707963267949
BEIS07,FALSE,0,0,0,0,0,0,uPVC,LEFT,FALSE,Cavity,FALSE,100,NULL,7,0,5,0
BEIS67,FALSE,0,0,0,0,0,0,uPVC,LEFT,FALSE,Cavity,FALSE,100,NULL,7,0,5,0
BEIS37,FALSE,0,0,0,0,0,0,uPVC,LEFT,FALSE,Cavity,FALSE,100,NULL,7,0,5,0
BEIS07,FALSE,0,0,0,0,0,0,uPVC,RIGHT,FALSE,Cavity,FALSE,100,NULL,7,0,5,3.14159265358979
BEIS67,FALSE,0,0,0,0,0,0,uPVC,RIGHT,FALSE,Cavity,FALSE,100,NULL,7,0,5,3.14159265358979
BEIS37,FALSE,0,0,0,0,0,0,uPVC,RIGHT,FALSE,Cavity,FALSE,100,NULL,7,0,5,3.14159265358979
BEIS08,TRUE,0,0,0,0,3,0,uPVC,BACK,FALSE,Cavity,FALSE,75,Wood,0,2,0,6.28318530717959
BEIS68,TRUE,0,0,0,0,3,0,uPVC,BACK,FALSE,Cavity,FALSE,75,Wood,0,2,0,6.28318530717959
BEIS38,TRUE,0,0,0,0,3,0,uPVC,BACK,FALSE,Cavity,FALSE,75,Wood,0,2,0,6.28318530717959
BEIS08,TRUE,0,0,0,0,1,0,uPVC,FRONT,FALSE,Cavity,FALSE,75,Wood,0,2,0,3.14159265358979
BEIS68,TRUE,0,0,0,0,1,0,uPVC,FRONT,FALSE,Cavity,FALSE,75,Wood,0,2,0,3.14159265358979
BEIS38,TRUE,0,0,0,0,1,0,uPVC,FRONT,FALSE,Cavity,FALSE,75,Wood,0,2,0,3.14159265358979
BEIS08,TRUE,0,0,0,0,0,0,uPVC,LEFT,FALSE,Cavity,FALSE,75,Wood,7,0,5,1.5707963267949
BEIS68,TRUE,0,0,0,0,0,0,uPVC,LEFT,FALSE,Cavity,FALSE,75,Wood,7,0,5,1.5707963267949
BEIS38,TRUE,0,0,0,0,0,0,uPVC,LEFT,FALSE,Cavity,FALSE,75,Wood,7,0,5,1.5707963267949
BEIS08,FALSE,0,0,0,0,0,0,uPVC,RIGHT,FALSE,,FALSE,75,Wood,10,0,10,4.71238898038469
BEIS68,FALSE,0,0,0,0,0,0,uPVC,RIGHT,FALSE,,FALSE,75,Wood,10,0,10,4.71238898038469
BEIS38,FALSE,0,0,0,0,0,0,uPVC,RIGHT,FALSE,,FALSE,75,Wood,10,0,10,4.71238898038469
BEIS09,FALSE,0,0,0,0,0,0,uPVC,BACK,FALSE,GraniteOrWhinstone,FALSE,75,Wood,0,2,0,7.85398163397448
BEIS69,FALSE,0,0,0,0,0,0,uPVC,BACK,FALSE,GraniteOrWhinstone,FALSE,75,Wood,0,2,0,7.85398163397448
BEIS39,FALSE,0,0,0,0,0,0,uPVC,BACK,FALSE,GraniteOrWhinstone,FALSE,75,Wood,0,2,0,7.85398163397448
BEIS09,FALSE,1,0,0,0,0,0,uPVC,FRONT,FALSE,GraniteOrWhinstone,FALSE,75,Wood,0,2,0,4.71238898038469
BEIS69,FALSE,1,0,0,0,0,0,uPVC,FRONT,FALSE,GraniteOrWhinstone,FALSE,75,Wood,0,2,0,4.71238898038469
BEIS39,FALSE,1,0,0,0,0,0,uPVC,FRONT,FALSE,GraniteOrWhinstone,FALSE,75,Wood,0,2,0,4.71238898038469
BEIS09,FALSE,0,0,0,0,0,0,uPVC,LEFT,FALSE,,FALSE,75,Wood,10,0,10,3.14159265358979
BEIS69,FALSE,0,0,0,0,0,0,uPVC,LEFT,FALSE,,FALSE,75,Wood,10,0,10,3.14159265358979
BEIS39,FALSE,0,0,0,0,0,0,uPVC,LEFT,FALSE,,FALSE,75,Wood,10,0,10,3.14159265358979
BEIS09,FALSE,0,0,0,0,0,0,uPVC,RIGHT,TRUE,GraniteOrWhinstone,FALSE,75,Wood,4,0,5,6.28318530717959
BEIS69,FALSE,0,0,0,0,0,0,uPVC,RIGHT,FALSE,GraniteOrWhinstone,FALSE,75,Wood,4,0,5,6.28318530717959
BEIS39,FALSE,0,0,0,0,0,0,uPVC,RIGHT,FALSE,GraniteOrWhinstone,FALSE,75,Wood,4,0,5,6.28318530717959
BEIS10,FALSE,0,0,0,0,1,0,uPVC,BACK,FALSE,Cavity,FALSE,75,uPVC,0,3,0,3.92699081698724
BEIS70,FALSE,0,0,0,0,1,0,uPVC,BACK,FALSE,Cavity,FALSE,75,uPVC,0,3,0,3.92699081698724
BEIS40,FALSE,0,0,0,0,1,0,uPVC,BACK,FALSE,Cavity,FALSE,75,uPVC,0,3,0,3.92699081698724
BEIS10,FALSE,0,0,0,0,1,0,uPVC,FRONT,FALSE,Cavity,FALSE,75,uPVC,0,3,0,0.78539816339744
BEIS70,FALSE,0,0,0,0,1,0,uPVC,FRONT,FALSE,Cavity,FALSE,75,uPVC,0,3,0,0.78539816339744
BEIS40,FALSE,0,0,0,0,1,0,uPVC,FRONT,FALSE,Cavity,FALSE,75,uPVC,0,3,0,0.78539816339744
BEIS10,FALSE,0,0,0,0,0,0,uPVC,LEFT,FALSE,Cavity,FALSE,75,uPVC,0,1,0,-0.78539816339744
BEIS70,FALSE,0,0,0,0,0,0,uPVC,LEFT,FALSE,Cavity,FALSE,75,uPVC,0,1,0,-0.78539816339744
BEIS40,FALSE,0,0,0,0,0,0,uPVC,LEFT,FALSE,Cavity,FALSE,75,uPVC,0,1,0,-0.78539816339744
BEIS10,FALSE,0,0,0,0,0,0,uPVC,RIGHT,FALSE,Cavity,FALSE,75,uPVC,0,2,0,2.35619449019234
BEIS70,FALSE,0,0,0,0,0,0,uPVC,RIGHT,FALSE,Cavity,FALSE,75,uPVC,0,2,0,2.35619449019234
BEIS40,FALSE,0,0,0,0,0,0,uPVC,RIGHT,FALSE,Cavity,FALSE,75,uPVC,0,2,0,2.35619449019234
BEIS11,FALSE,0,0,0,0,2,0,uPVC,BACK,FALSE,Cavity,FALSE,75,Wood,0,2,0,6.28318530717959
BEIS71,FALSE,0,0,0,0,2,0,uPVC,BACK,FALSE,Cavity,FALSE,75,Wood,0,2,0,6.28318530717959
BEIS41,FALSE,0,0,0,0,2,0,uPVC,BACK,FALSE,Cavity,FALSE,75,Wood,0,2,0,6.28318530717959
BEIS11,FALSE,0,0,0,0,1,0,uPVC,FRONT,FALSE,Cavity,FALSE,75,Wood,0,2,0,3.14159265358979
BEIS71,FALSE,0,0,0,0,1,0,uPVC,FRONT,FALSE,Cavity,FALSE,75,Wood,0,2,0,3.14159265358979
BEIS41,FALSE,0,0,0,0,1,0,uPVC,FRONT,FALSE,Cavity,FALSE,75,Wood,0,2,0,3.14159265358979
BEIS11,FALSE,0,0,0,0,0,0,uPVC,LEFT,FALSE,Cavity,FALSE,75,Wood,0,2,0,1.5707963267949
BEIS71,FALSE,0,0,0,0,0,0,uPVC,LEFT,FALSE,Cavity,FALSE,75,Wood,0,2,0,1.5707963267949
BEIS41,FALSE,0,0,0,0,0,0,uPVC,LEFT,FALSE,Cavity,FALSE,75,Wood,0,2,0,1.5707963267949
BEIS11,FALSE,0,0,0,0,0,0,uPVC,RIGHT,FALSE,Cavity,FALSE,75,Wood,0,1,0,4.71238898038469
BEIS71,FALSE,0,0,0,0,0,0,uPVC,RIGHT,FALSE,Cavity,FALSE,75,Wood,0,1,0,4.71238898038469
BEIS41,FALSE,0,0,0,0,0,0,uPVC,RIGHT,FALSE,Cavity,FALSE,75,Wood,0,1,0,4.71238898038469
BEIS12,FALSE,0,0,0,0,1,0,uPVC,BACK,FALSE,Cavity,FALSE,0,uPVC,0,2,0,5.49778714378214
BEIS72,FALSE,0,0,0,0,1,0,uPVC,BACK,FALSE,Cavity,FALSE,0,uPVC,0,2,0,5.49778714378214
BEIS42,FALSE,0,0,0,0,1,0,uPVC,BACK,FALSE,Cavity,FALSE,0,uPVC,0,2,0,5.49778714378214
BEIS12,FALSE,0,0,0,0,1,0,uPVC,FRONT,FALSE,Cavity,FALSE,0,uPVC,0,2,0,2.35619449019234
BEIS72,FALSE,0,0,0,0,1,0,uPVC,FRONT,FALSE,Cavity,FALSE,0,uPVC,0,2,0,2.35619449019234
BEIS42,FALSE,0,0,0,0,1,0,uPVC,FRONT,FALSE,Cavity,FALSE,0,uPVC,0,2,0,2.35619449019234
BEIS12,FALSE,0,0,0,0,0,0,uPVC,LEFT,FALSE,,FALSE,0,uPVC,10,0,10,0.78539816339744
BEIS72,FALSE,0,0,0,0,0,0,uPVC,LEFT,FALSE,,FALSE,0,uPVC,10,0,10,0.78539816339744
BEIS42,FALSE,0,0,0,0,0,0,uPVC,LEFT,FALSE,,FALSE,0,uPVC,10,0,10,0.78539816339744
BEIS12,FALSE,0,0,0,0,0,0,uPVC,RIGHT,FALSE,,FALSE,0,uPVC,10,0,10,3.92699081698724
BEIS72,FALSE,0,0,0,0,0,0,uPVC,RIGHT,FALSE,,FALSE,0,uPVC,10,0,10,3.92699081698724
BEIS42,FALSE,0,0,0,0,0,0,uPVC,RIGHT,FALSE,,FALSE,0,uPVC,10,0,10,3.92699081698724
BEIS13,FALSE,0,0,0,0,2,0,uPVC,BACK,FALSE,Cavity,FALSE,0,uPVC,0,2,0,4.71238898038469
BEIS73,FALSE,0,0,0,0,2,0,uPVC,BACK,FALSE,Cavity,FALSE,0,uPVC,0,2,0,4.71238898038469
BEIS43,FALSE,0,0,0,0,2,0,uPVC,BACK,FALSE,Cavity,FALSE,0,uPVC,0,2,0,4.71238898038469
BEIS13,FALSE,0,0,0,0,1,0,uPVC,FRONT,FALSE,Cavity,FALSE,0,uPVC,0,2,0,1.5707963267949
BEIS73,FALSE,0,0,0,0,1,0,uPVC,FRONT,FALSE,Cavity,FALSE,0,uPVC,0,2,0,1.5707963267949
BEIS43,FALSE,0,0,0,0,1,0,uPVC,FRONT,FALSE,Cavity,FALSE,0,uPVC,0,2,0,1.5707963267949
BEIS13,FALSE,0,0,0,0,0,0,uPVC,LEFT,FALSE,Cavity,FALSE,0,uPVC,0,1,0,0
BEIS73,FALSE,0,0,0,0,0,0,uPVC,LEFT,FALSE,Cavity,FALSE,0,uPVC,0,1,0,0
BEIS43,FALSE,0,0,0,0,0,0,uPVC,LEFT,FALSE,Cavity,FALSE,0,uPVC,0,1,0,0
BEIS13,FALSE,0,0,0,0,0,0,uPVC,RIGHT,FALSE,,FALSE,0,uPVC,10,0,10,3.14159265358979
BEIS73,FALSE,0,0,0,0,0,0,uPVC,RIGHT,FALSE,,FALSE,0,uPVC,10,0,10,3.14159265358979
BEIS43,FALSE,0,0,0,0,0,0,uPVC,RIGHT,FALSE,,FALSE,0,uPVC,10,0,10,3.14159265358979
BEIS14,FALSE,0,0,0,0,0,0,uPVC,BACK,FALSE,,FALSE,100,NULL,10,0,10,3.14159265358979
BEIS74,FALSE,0,0,0,0,0,0,uPVC,BACK,FALSE,,FALSE,100,NULL,10,0,10,3.14159265358979
BEIS44,FALSE,0,0,0,0,0,0,uPVC,BACK,FALSE,,FALSE,100,NULL,10,0,10,3.14159265358979
BEIS14,TRUE,0,0,0,0,1,0,uPVC,FRONT,FALSE,Cavity,FALSE,100,NULL,0,2,0,0
BEIS74,TRUE,0,0,0,0,1,0,uPVC,FRONT,FALSE,Cavity,FALSE,100,NULL,0,2,0,0
BEIS44,TRUE,0,0,0,0,1,0,uPVC,FRONT,FALSE,Cavity,FALSE,100,NULL,0,2,0,0
BEIS14,FALSE,0,0,0,0,0,0,uPVC,LEFT,FALSE,Cavity,FALSE,100,NULL,0,2,0,-1.5707963267949
BEIS74,FALSE,0,0,0,0,0,0,uPVC,LEFT,FALSE,Cavity,FALSE,100,NULL,0,2,0,-1.5707963267949
BEIS44,FALSE,0,0,0,0,0,0,uPVC,LEFT,FALSE,Cavity,FALSE,100,NULL,0,2,0,-1.5707963267949
BEIS14,TRUE,0,0,0,0,0,0,uPVC,RIGHT,FALSE,Cavity,FALSE,100,NULL,0,1,0,1.5707963267949
BEIS74,TRUE,0,0,0,0,0,0,uPVC,RIGHT,FALSE,Cavity,FALSE,100,NULL,0,1,0,1.5707963267949
BEIS44,TRUE,0,0,0,0,0,0,uPVC,RIGHT,FALSE,Cavity,FALSE,100,NULL,0,1,0,1.5707963267949
BEIS15,TRUE,0,0,0,0,1,0,Wood,BACK,FALSE,Cavity,FALSE,100,NULL,0,2,0,7.85398163397448
BEIS75,TRUE,0,0,0,0,1,0,Wood,BACK,FALSE,Cavity,FALSE,100,NULL,0,2,0,7.85398163397448
BEIS45,TRUE,0,0,0,0,1,0,Wood,BACK,FALSE,Cavity,FALSE,100,NULL,0,2,0,7.85398163397448
BEIS15,TRUE,0,0,0,0,1,0,Wood,FRONT,FALSE,Cavity,FALSE,100,NULL,0,3,0,4.71238898038469
BEIS75,TRUE,0,0,0,0,1,0,Wood,FRONT,FALSE,Cavity,FALSE,100,NULL,0,3,0,4.71238898038469
BEIS45,TRUE,0,0,0,0,1,0,Wood,FRONT,FALSE,Cavity,FALSE,100,NULL,0,3,0,4.71238898038469
BEIS15,FALSE,0,0,0,0,0,0,Wood,LEFT,FALSE,,FALSE,100,NULL,10,0,10,3.14159265358979
BEIS75,FALSE,0,0,0,0,0,0,Wood,LEFT,FALSE,,FALSE,100,NULL,10,0,10,3.14159265358979
BEIS45,FALSE,0,0,0,0,0,0,Wood,LEFT,FALSE,,FALSE,100,NULL,10,0,10,3.14159265358979
BEIS15,TRUE,0,0,0,0,0,0,Wood,RIGHT,FALSE,Cavity,FALSE,100,NULL,0,0,0,6.28318530717959
BEIS75,TRUE,0,0,0,0,0,0,Wood,RIGHT,FALSE,Cavity,FALSE,100,NULL,0,0,0,6.28318530717959
BEIS45,TRUE,0,0,0,0,0,0,Wood,RIGHT,FALSE,Cavity,FALSE,100,NULL,0,0,0,6.28318530717959
BEIS16,FALSE,0,0,0,0,1,0,Wood,BACK,TRUE,SystemBuild,FALSE,75,Wood,0,2,0,6.28318530717959
BEIS76,FALSE,0,0,0,0,1,0,Wood,BACK,TRUE,SystemBuild,FALSE,75,Wood,0,2,0,6.28318530717959
BEIS46,FALSE,0,0,0,0,1,0,Wood,BACK,FALSE,SystemBuild,FALSE,75,Wood,0,2,0,6.28318530717959
BEIS16,FALSE,0,0,0,0,1,0,Wood,FRONT,TRUE,SystemBuild,FALSE,75,Wood,0,2,0,3.14159265358979
BEIS76,FALSE,0,0,0,0,1,0,Wood,FRONT,FALSE,SystemBuild,FALSE,75,Wood,0,2,0,3.14159265358979
BEIS46,FALSE,0,0,0,0,1,0,Wood,FRONT,FALSE,SystemBuild,FALSE,75,Wood,0,2,0,3.14159265358979
BEIS16,FALSE,0,0,0,0,0,0,Wood,LEFT,FALSE,,FALSE,75,Wood,10,0,10,1.5707963267949
BEIS76,FALSE,0,0,0,0,0,0,Wood,LEFT,FALSE,,FALSE,75,Wood,10,0,10,1.5707963267949
BEIS46,FALSE,0,0,0,0,0,0,Wood,LEFT,FALSE,,FALSE,75,Wood,10,0,10,1.5707963267949
BEIS16,FALSE,0,0,0,0,0,0,Wood,RIGHT,FALSE,,FALSE,75,Wood,10,0,10,4.71238898038469
BEIS76,FALSE,0,0,0,0,0,0,Wood,RIGHT,FALSE,,FALSE,75,Wood,10,0,10,4.71238898038469
BEIS46,FALSE,0,0,0,0,0,0,Wood,RIGHT,FALSE,,FALSE,75,Wood,10,0,10,4.71238898038469
BEIS17,TRUE,0,0,0,0,1,0,Wood,BACK,FALSE,Cavity,FALSE,100,NULL,0,2,0,8.63937979737193
BEIS77,TRUE,0,0,0,0,1,0,Wood,BACK,FALSE,Cavity,FALSE,100,NULL,0,2,0,8.63937979737193
BEIS47,TRUE,0,0,0,0,1,0,Wood,BACK,FALSE,Cavity,FALSE,100,NULL,0,2,0,8.63937979737193
BEIS17,TRUE,0,0,0,0,1,0,Wood,FRONT,FALSE,Cavity,FALSE,100,NULL,0,2,0,5.49778714378214
BEIS77,TRUE,0,0,0,0,1,0,Wood,FRONT,FALSE,Cavity,FALSE,100,NULL,0,2,0,5.49778714378214
BEIS47,TRUE,0,0,0,0,1,0,Wood,FRONT,FALSE,Cavity,FALSE,100,NULL,0,2,0,5.49778714378214
BEIS17,FALSE,0,0,0,0,0,0,Wood,LEFT,FALSE,,FALSE,100,NULL,10,0,10,3.92699081698724
BEIS77,FALSE,0,0,0,0,0,0,Wood,LEFT,FALSE,,FALSE,100,NULL,10,0,10,3.92699081698724
BEIS47,FALSE,0,0,0,0,0,0,Wood,LEFT,FALSE,,FALSE,100,NULL,10,0,10,3.92699081698724
BEIS17,FALSE,0,0,0,0,0,0,Wood,RIGHT,FALSE,,FALSE,100,NULL,10,0,10,7.06858347057703
BEIS77,FALSE,0,0,0,0,0,0,Wood,RIGHT,FALSE,,FALSE,100,NULL,10,0,10,7.06858347057703
BEIS47,FALSE,0,0,0,0,0,0,Wood,RIGHT,FALSE,,FALSE,100,NULL,10,0,10,7.06858347057703
BEIS18,FALSE,0,0,0,0,1,0,uPVC,BACK,TRUE,Sandstone,FALSE,75,Wood,0,1,0,7.85398163397448
BEIS78,FALSE,0,0,0,0,1,0,uPVC,BACK,TRUE,Sandstone,FALSE,75,Wood,0,1,0,7.85398163397448
BEIS48,FALSE,0,0,0,0,1,0,uPVC,BACK,FALSE,Sandstone,FALSE,75,Wood,0,1,0,7.85398163397448
BEIS18,FALSE,0,0,0,0,1,0,uPVC,FRONT,FALSE,Sandstone,FALSE,75,Wood,0,2,0,4.71238898038469
BEIS78,FALSE,0,0,0,0,1,0,uPVC,FRONT,TRUE,Sandstone,FALSE,75,Wood,0,2,0,4.71238898038469
BEIS48,FALSE,0,0,0,0,1,0,uPVC,FRONT,FALSE,Sandstone,FALSE,75,Wood,0,2,0,4.71238898038469
BEIS18,FALSE,0,0,0,0,0,0,uPVC,LEFT,TRUE,Sandstone,FALSE,75,Wood,0,0,0,3.14159265358979
BEIS78,FALSE,0,0,0,0,0,0,uPVC,LEFT,TRUE,Sandstone,FALSE,75,Wood,0,0,0,3.14159265358979
BEIS48,FALSE,0,0,0,0,0,0,uPVC,LEFT,FALSE,Sandstone,FALSE,75,Wood,0,0,0,3.14159265358979
BEIS18,FALSE,0,0,0,0,0,0,uPVC,RIGHT,FALSE,Sandstone,FALSE,75,Wood,0,0,0,6.28318530717959
BEIS78,FALSE,0,0,0,0,0,0,uPVC,RIGHT,TRUE,Sandstone,FALSE,75,Wood,0,0,0,6.28318530717959
BEIS48,FALSE,0,0,0,0,0,0,uPVC,RIGHT,TRUE,Sandstone,FALSE,75,Wood,0,0,0,6.28318530717959
BEIS19,FALSE,0,0,0,0,1,0,uPVC,BACK,FALSE,Sandstone,FALSE,100,NULL,0,2,0,7.85398163397448
BEIS79,FALSE,0,0,0,0,1,0,uPVC,BACK,TRUE,Sandstone,FALSE,100,NULL,0,2,0,7.85398163397448
BEIS49,FALSE,0,0,0,0,1,0,uPVC,BACK,TRUE,Sandstone,FALSE,100,NULL,0,2,0,7.85398163397448
BEIS19,FALSE,1,0,0,0,0,0,uPVC,FRONT,FALSE,Sandstone,FALSE,100,NULL,0,2,0,4.71238898038469
BEIS79,FALSE,1,0,0,0,0,0,uPVC,FRONT,FALSE,Sandstone,FALSE,100,NULL,0,2,0,4.71238898038469
BEIS49,FALSE,1,0,0,0,0,0,uPVC,FRONT,FALSE,Sandstone,FALSE,100,NULL,0,2,0,4.71238898038469
BEIS19,FALSE,0,0,0,0,0,0,uPVC,LEFT,FALSE,Sandstone,FALSE,100,NULL,0,1,0,3.14159265358979
BEIS79,FALSE,0,0,0,0,0,0,uPVC,LEFT,FALSE,Sandstone,FALSE,100,NULL,0,1,0,3.14159265358979
BEIS49,FALSE,0,0,0,0,0,0,uPVC,LEFT,FALSE,Sandstone,FALSE,100,NULL,0,1,0,3.14159265358979
BEIS19,FALSE,0,0,0,0,0,0,uPVC,RIGHT,FALSE,Sandstone,FALSE,100,NULL,0,2,0,6.28318530717959
BEIS79,FALSE,0,0,0,0,0,0,uPVC,RIGHT,FALSE,Sandstone,FALSE,100,NULL,0,2,0,6.28318530717959
BEIS49,FALSE,0,0,0,0,0,0,uPVC,RIGHT,TRUE,Sandstone,FALSE,100,NULL,0,2,0,6.28318530717959
BEIS20,FALSE,0,0,0,0,0,0,uPVC,BACK,TRUE,Sandstone,FALSE,100,NULL,0,1,0,4.71238898038469
BEIS80,FALSE,0,0,0,0,0,0,uPVC,BACK,TRUE,Sandstone,FALSE,100,NULL,0,1,0,4.71238898038469
BEIS50,FALSE,0,0,0,0,0,0,uPVC,BACK,TRUE,Sandstone,FALSE,100,NULL,0,1,0,4.71238898038469
BEIS20,FALSE,1,0,0,0,1,0,uPVC,FRONT,TRUE,Sandstone,FALSE,100,NULL,0,2,0,1.5707963267949
BEIS80,FALSE,1,0,0,0,1,0,uPVC,FRONT,FALSE,Sandstone,FALSE,100,NULL,0,2,0,1.5707963267949
BEIS50,FALSE,1,0,0,0,1,0,uPVC,FRONT,TRUE,Sandstone,FALSE,100,NULL,0,2,0,1.5707963267949
BEIS20,FALSE,0,0,0,0,0,0,uPVC,LEFT,TRUE,Sandstone,FALSE,100,NULL,0,1,0,0
BEIS80,FALSE,0,0,0,0,0,0,uPVC,LEFT,FALSE,Sandstone,FALSE,100,NULL,0,1,0,0
BEIS50,FALSE,0,0,0,0,0,0,uPVC,LEFT,FALSE,Sandstone,FALSE,100,NULL,0,1,0,0
BEIS20,FALSE,0,0,0,0,0,0,uPVC,RIGHT,FALSE,Sandstone,FALSE,100,NULL,0,0,0,3.14159265358979
BEIS80,FALSE,0,0,0,0,0,0,uPVC,RIGHT,TRUE,Sandstone,FALSE,100,NULL,0,0,0,3.14159265358979
BEIS50,FALSE,0,0,0,0,0,0,uPVC,RIGHT,FALSE,Sandstone,FALSE,100,NULL,0,0,0,3.14159265358979
BEIS21,FALSE,0,0,0,0,1,0,uPVC,BACK,FALSE,Cavity,FALSE,100,NULL,0,1,0,7.06858347057703
BEIS81,FALSE,0,0,0,0,1,0,uPVC,BACK,FALSE,Cavity,FALSE,100,NULL,0,1,0,7.06858347057703
BEIS51,FALSE,0,0,0,0,1,0,uPVC,BACK,FALSE,Cavity,FALSE,100,NULL,0,1,0,7.06858347057703
BEIS21,FALSE,0,0,0,0,1,0,uPVC,FRONT,FALSE,Cavity,FALSE,100,NULL,0,1,0,3.92699081698724
BEIS81,FALSE,0,0,0,0,1,0,uPVC,FRONT,FALSE,Cavity,FALSE,100,NULL,0,1,0,3.92699081698724
BEIS51,FALSE,0,0,0,0,1,0,uPVC,FRONT,FALSE,Cavity,FALSE,100,NULL,0,1,0,3.92699081698724
BEIS21,FALSE,0,0,0,0,0,0,uPVC,LEFT,FALSE,Cavity,FALSE,100,NULL,7,0,5,2.35619449019234
BEIS81,FALSE,0,0,0,0,0,0,uPVC,LEFT,FALSE,Cavity,FALSE,100,NULL,7,0,5,2.35619449019234
BEIS51,FALSE,0,0,0,0,0,0,uPVC,LEFT,FALSE,Cavity,FALSE,100,NULL,7,0,5,2.35619449019234
BEIS21,FALSE,0,0,0,0,0,0,uPVC,RIGHT,FALSE,Cavity,FALSE,100,NULL,0,2,0,5.49778714378214
BEIS81,FALSE,0,0,0,0,0,0,uPVC,RIGHT,FALSE,Cavity,FALSE,100,NULL,0,2,0,5.49778714378214
BEIS51,FALSE,0,0,0,0,0,0,uPVC,RIGHT,FALSE,Cavity,FALSE,100,NULL,0,2,0,5.49778714378214
BEIS22,TRUE,0,0,0,0,1,0,uPVC,BACK,FALSE,Cavity,FALSE,75,Wood,0,3,0,3.14159265358979
BEIS82,TRUE,0,0,0,0,1,0,uPVC,BACK,FALSE,Cavity,FALSE,75,Wood,0,3,0,3.14159265358979
BEIS52,TRUE,0,0,0,0,1,0,uPVC,BACK,FALSE,Cavity,FALSE,75,Wood,0,3,0,3.14159265358979
BEIS22,TRUE,0,0,0,0,1,0,uPVC,FRONT,FALSE,Cavity,FALSE,75,Wood,0,2,0,0
BEIS82,TRUE,0,0,0,0,1,0,uPVC,FRONT,FALSE,Cavity,FALSE,75,Wood,0,2,0,0
BEIS52,TRUE,0,0,0,0,1,0,uPVC,FRONT,FALSE,Cavity,FALSE,75,Wood,0,2,0,0
BEIS22,FALSE,0,0,0,0,0,0,uPVC,LEFT,FALSE,,FALSE,75,Wood,10,0,10,-1.5707963267949
BEIS82,FALSE,0,0,0,0,0,0,uPVC,LEFT,FALSE,,FALSE,75,Wood,10,0,10,-1.5707963267949
BEIS52,FALSE,0,0,0,0,0,0,uPVC,LEFT,FALSE,,FALSE,75,Wood,10,0,10,-1.5707963267949
BEIS22,TRUE,0,0,0,0,0,0,uPVC,RIGHT,FALSE,Cavity,FALSE,75,Wood,0,1,0,1.5707963267949
BEIS82,TRUE,0,0,0,0,0,0,uPVC,RIGHT,FALSE,Cavity,FALSE,75,Wood,0,1,0,1.5707963267949
BEIS52,TRUE,0,0,0,0,0,0,uPVC,RIGHT,FALSE,Cavity,FALSE,75,Wood,0,1,0,1.5707963267949
BEIS23,TRUE,0,0,0,0,1,0,uPVC,BACK,FALSE,Cavity,FALSE,75,Wood,0,2,0,7.85398163397448
BEIS83,TRUE,0,0,0,0,1,0,uPVC,BACK,FALSE,Cavity,FALSE,75,Wood,0,2,0,7.85398163397448
BEIS53,TRUE,0,0,0,0,1,0,uPVC,BACK,FALSE,Cavity,FALSE,75,Wood,0,2,0,7.85398163397448
BEIS23,TRUE,0,0,0,0,1,0,uPVC,FRONT,FALSE,Cavity,FALSE,75,Wood,0,3,0,4.71238898038469
BEIS83,TRUE,0,0,0,0,1,0,uPVC,FRONT,FALSE,Cavity,FALSE,75,Wood,0,3,0,4.71238898038469
BEIS53,TRUE,0,0,0,0,1,0,uPVC,FRONT,FALSE,Cavity,FALSE,75,Wood,0,3,0,4.71238898038469
BEIS23,FALSE,0,0,0,0,0,0,uPVC,LEFT,FALSE,,FALSE,75,Wood,10,0,10,3.14159265358979
BEIS83,FALSE,0,0,0,0,0,0,uPVC,LEFT,FALSE,,FALSE,75,Wood,10,0,10,3.14159265358979
BEIS53,FALSE,0,0,0,0,0,0,uPVC,LEFT,FALSE,,FALSE,75,Wood,10,0,10,3.14159265358979
BEIS23,TRUE,0,0,0,0,0,0,uPVC,RIGHT,FALSE,Cavity,FALSE,75,Wood,0,1,0,6.28318530717959
BEIS83,TRUE,0,0,0,0,0,0,uPVC,RIGHT,FALSE,Cavity,FALSE,75,Wood,0,1,0,6.28318530717959
BEIS53,TRUE,0,0,0,0,0,0,uPVC,RIGHT,FALSE,Cavity,FALSE,75,Wood,0,1,0,6.28318530717959
BEIS24,TRUE,0,0,0,0,1,0,uPVC,BACK,FALSE,Cavity,FALSE,100,NULL,0,4,0,7.85398163397448
BEIS84,TRUE,0,0,0,0,1,0,uPVC,BACK,FALSE,Cavity,FALSE,100,NULL,0,4,0,7.85398163397448
BEIS54,TRUE,0,0,0,0,1,0,uPVC,BACK,FALSE,Cavity,FALSE,100,NULL,0,4,0,7.85398163397448
BEIS24,TRUE,0,0,0,0,1,0,uPVC,FRONT,FALSE,Cavity,FALSE,100,NULL,0,5,0,4.71238898038469
BEIS84,TRUE,0,0,0,0,1,0,uPVC,FRONT,FALSE,Cavity,FALSE,100,NULL,0,5,0,4.71238898038469
BEIS54,TRUE,0,0,0,0,1,0,uPVC,FRONT,FALSE,Cavity,FALSE,100,NULL,0,5,0,4.71238898038469
BEIS24,FALSE,0,0,0,0,0,0,uPVC,LEFT,FALSE,,FALSE,100,NULL,10,0,10,3.14159265358979
BEIS84,FALSE,0,0,0,0,0,0,uPVC,LEFT,FALSE,,FALSE,100,NULL,10,0,10,3.14159265358979
BEIS54,FALSE,0,0,0,0,0,0,uPVC,LEFT,FALSE,,FALSE,100,NULL,10,0,10,3.14159265358979
BEIS24,FALSE,0,0,0,0,0,0,uPVC,RIGHT,FALSE,,FALSE,100,NULL,10,0,10,6.28318530717959
BEIS84,FALSE,0,0,0,0,0,0,uPVC,RIGHT,FALSE,,FALSE,100,NULL,10,0,10,6.28318530717959
BEIS54,FALSE,0,0,0,0,0,0,uPVC,RIGHT,FALSE,,FALSE,100,NULL,10,0,10,6.28318530717959
BEIS25,TRUE,1,0,0,0,0,0,NULL,BACK,FALSE,Cavity,FALSE,0,uPVC,0,4,0,7.85398163397448
BEIS85,TRUE,1,0,0,0,0,0,NULL,BACK,FALSE,Cavity,FALSE,0,uPVC,0,4,0,7.85398163397448
BEIS55,TRUE,1,0,0,0,0,0,NULL,BACK,FALSE,Cavity,FALSE,0,uPVC,0,4,0,7.85398163397448
BEIS25,TRUE,0,0,0,0,1,0,NULL,FRONT,FALSE,Cavity,FALSE,0,uPVC,0,3,0,4.71238898038469
BEIS85,TRUE,0,0,0,0,1,0,NULL,FRONT,FALSE,Cavity,FALSE,0,uPVC,0,3,0,4.71238898038469
BEIS55,TRUE,0,0,0,0,1,0,NULL,FRONT,FALSE,Cavity,FALSE,0,uPVC,0,3,0,4.71238898038469
BEIS25,TRUE,0,0,0,0,0,0,NULL,LEFT,FALSE,Cavity,FALSE,0,uPVC,0,0,0,3.14159265358979
BEIS85,TRUE,0,0,0,0,0,0,NULL,LEFT,FALSE,Cavity,FALSE,0,uPVC,0,0,0,3.14159265358979
BEIS55,TRUE,0,0,0,0,0,0,NULL,LEFT,FALSE,Cavity,FALSE,0,uPVC,0,0,0,3.14159265358979
BEIS25,FALSE,0,0,0,0,0,0,NULL,RIGHT,FALSE,,FALSE,0,uPVC,10,0,10,6.28318530717959
BEIS85,FALSE,0,0,0,0,0,0,NULL,RIGHT,FALSE,,FALSE,0,uPVC,10,0,10,6.28318530717959
BEIS55,FALSE,0,0,0,0,0,0,NULL,RIGHT,FALSE,,FALSE,0,uPVC,10,0,10,6.28318530717959
BEIS26,TRUE,0,0,0,0,1,0,uPVC,BACK,FALSE,Cavity,FALSE,75,Wood,0,3,0,3.14159265358979
BEIS86,TRUE,0,0,0,0,1,0,uPVC,BACK,FALSE,Cavity,FALSE,75,Wood,0,3,0,3.14159265358979
BEIS56,TRUE,0,0,0,0,1,0,uPVC,BACK,FALSE,Cavity,FALSE,75,Wood,0,3,0,3.14159265358979
BEIS26,TRUE,0,0,0,0,1,0,uPVC,FRONT,FALSE,Cavity,FALSE,75,Wood,0,3,0,0
BEIS86,TRUE,0,0,0,0,1,0,uPVC,FRONT,FALSE,Cavity,FALSE,75,Wood,0,3,0,0
BEIS56,TRUE,0,0,0,0,1,0,uPVC,FRONT,FALSE,Cavity,FALSE,75,Wood,0,3,0,0
BEIS26,TRUE,0,0,0,0,0,0,uPVC,LEFT,FALSE,Cavity,FALSE,75,Wood,0,0,0,-1.5707963267949
BEIS86,TRUE,0,0,0,0,0,0,uPVC,LEFT,FALSE,Cavity,FALSE,75,Wood,0,0,0,-1.5707963267949
BEIS56,TRUE,0,0,0,0,0,0,uPVC,LEFT,FALSE,Cavity,FALSE,75,Wood,0,0,0,-1.5707963267949
BEIS26,FALSE,0,0,0,0,0,0,uPVC,RIGHT,FALSE,,FALSE,75,Wood,10,0,10,1.5707963267949
BEIS86,FALSE,0,0,0,0,0,0,uPVC,RIGHT,FALSE,,FALSE,75,Wood,10,0,10,1.5707963267949
BEIS56,FALSE,0,0,0,0,0,0,uPVC,RIGHT,FALSE,,FALSE,75,Wood,10,0,10,1.5707963267949
BEIS27,TRUE,2,0,0,0,0,0,uPVC,BACK,FALSE,Cavity,FALSE,100,NULL,0,3,0,3.14159265358979
BEIS87,TRUE,2,0,0,0,0,0,uPVC,BACK,FALSE,Cavity,FALSE,100,NULL,0,3,0,3.14159265358979
BEIS57,TRUE,2,0,0,0,0,0,uPVC,BACK,FALSE,Cavity,FALSE,100,NULL,0,3,0,3.14159265358979
BEIS27,TRUE,1,0,0,0,0,0,uPVC,FRONT,FALSE,Cavity,FALSE,100,NULL,0,1,0,0
BEIS87,TRUE,1,0,0,0,0,0,uPVC,FRONT,FALSE,Cavity,FALSE,100,NULL,0,1,0,0
BEIS57,TRUE,1,0,0,0,0,0,uPVC,FRONT,FALSE,Cavity,FALSE,100,NULL,0,1,0,0
BEIS27,FALSE,0,0,0,0,0,0,uPVC,LEFT,FALSE,,FALSE,100,NULL,10,0,10,-1.5707963267949
BEIS87,FALSE,0,0,0,0,0,0,uPVC,LEFT,FALSE,,FALSE,100,NULL,10,0,10,-1.5707963267949
BEIS57,FALSE,0,0,0,0,0,0,uPVC,LEFT,FALSE,,FALSE,100,NULL,10,0,10,-1.5707963267949
BEIS27,TRUE,0,0,0,0,0,0,uPVC,RIGHT,FALSE,Cavity,FALSE,100,NULL,0,0,0,1.5707963267949
BEIS87,TRUE,0,0,0,0,0,0,uPVC,RIGHT,FALSE,Cavity,FALSE,100,NULL,0,0,0,1.5707963267949
BEIS57,TRUE,0,0,0,0,0,0,uPVC,RIGHT,FALSE,Cavity,FALSE,100,NULL,0,0,0,1.5707963267949
BEIS28,FALSE,1,0,0,0,0,0,uPVC,BACK,FALSE,Cavity,FALSE,75,Wood,0,3,0,3.14159265358979
BEIS88,FALSE,1,0,0,0,0,0,uPVC,BACK,FALSE,Cavity,FALSE,75,Wood,0,3,0,3.14159265358979
BEIS58,FALSE,1,0,0,0,0,0,uPVC,BACK,FALSE,Cavity,FALSE,75,Wood,0,3,0,3.14159265358979
BEIS28,FALSE,1,0,0,0,0,0,uPVC,FRONT,FALSE,Cavity,FALSE,75,Wood,0,2,0,0
BEIS88,FALSE,1,0,0,0,0,0,uPVC,FRONT,FALSE,Cavity,FALSE,75,Wood,0,2,0,0
BEIS58,FALSE,1,0,0,0,0,0,uPVC,FRONT,FALSE,Cavity,FALSE,75,Wood,0,2,0,0
BEIS28,FALSE,0,0,0,0,0,0,uPVC,LEFT,FALSE,Cavity,FALSE,75,Wood,0,1,0,-1.5707963267949
BEIS88,FALSE,0,0,0,0,0,0,uPVC,LEFT,FALSE,Cavity,FALSE,75,Wood,0,1,0,-1.5707963267949
BEIS58,FALSE,0,0,0,0,0,0,uPVC,LEFT,FALSE,Cavity,FALSE,75,Wood,0,1,0,-1.5707963267949
BEIS28,FALSE,0,0,0,0,0,0,uPVC,RIGHT,FALSE,Cavity,FALSE,75,Wood,0,0,0,1.5707963267949
BEIS88,FALSE,0,0,0,0,0,0,uPVC,RIGHT,FALSE,Cavity,FALSE,75,Wood,0,0,0,1.5707963267949
BEIS58,FALSE,0,0,0,0,0,0,uPVC,RIGHT,FALSE,Cavity,FALSE,75,Wood,0,0,0,1.5707963267949
BEIS29,FALSE,1,0,0,0,0,0,uPVC,BACK,FALSE,Cavity,FALSE,0,uPVC,0,2,0,3.14159265358979
BEIS89,FALSE,1,0,0,0,0,0,uPVC,BACK,FALSE,Cavity,FALSE,0,uPVC,0,2,0,3.14159265358979
BEIS59,FALSE,1,0,0,0,0,0,uPVC,BACK,FALSE,Cavity,FALSE,0,uPVC,0,2,0,3.14159265358979
BEIS29,FALSE,1,0,0,0,0,0,uPVC,FRONT,FALSE,Cavity,FALSE,0,uPVC,0,2,0,0
BEIS89,FALSE,1,0,0,0,0,0,uPVC,FRONT,FALSE,Cavity,FALSE,0,uPVC,0,2,0,0
BEIS59,FALSE,1,0,0,0,0,0,uPVC,FRONT,FALSE,Cavity,FALSE,0,uPVC,0,2,0,0
BEIS29,FALSE,0,0,0,0,0,0,uPVC,LEFT,FALSE,Cavity,FALSE,0,uPVC,8,0,10,-1.5707963267949
BEIS89,FALSE,0,0,0,0,0,0,uPVC,LEFT,FALSE,Cavity,FALSE,0,uPVC,8,0,10,-1.5707963267949
BEIS59,FALSE,0,0,0,0,0,0,uPVC,LEFT,FALSE,Cavity,FALSE,0,uPVC,8,0,10,-1.5707963267949
BEIS29,FALSE,0,0,0,0,0,0,uPVC,RIGHT,FALSE,Cavity,FALSE,0,uPVC,7,0,8,1.5707963267949
BEIS89,FALSE,0,0,0,0,0,0,uPVC,RIGHT,FALSE,Cavity,FALSE,0,uPVC,7,0,8,1.5707963267949
BEIS59,FALSE,0,0,0,0,0,0,uPVC,RIGHT,FALSE,Cavity,FALSE,0,uPVC,7,0,8,1.5707963267949
BEIS30,FALSE,0,0,0,0,1,0,uPVC,BACK,FALSE,Cavity,FALSE,100,NULL,7,1,5,3.14159265358979
BEIS90,FALSE,0,0,0,0,1,0,uPVC,BACK,FALSE,Cavity,FALSE,100,NULL,7,1,5,3.14159265358979
BEIS60,FALSE,0,0,0,0,1,0,uPVC,BACK,FALSE,Cavity,FALSE,100,NULL,7,1,5,3.14159265358979
BEIS30,FALSE,0,0,0,0,1,0,uPVC,FRONT,FALSE,Cavity,FALSE,100,NULL,0,5,0,0
BEIS90,FALSE,0,0,0,0,1,0,uPVC,FRONT,FALSE,Cavity,FALSE,100,NULL,0,5,0,0
BEIS60,FALSE,0,0,0,0,1,0,uPVC,FRONT,FALSE,Cavity,FALSE,100,NULL,0,5,0,0
BEIS30,FALSE,0,0,0,0,0,0,uPVC,LEFT,FALSE,,FALSE,100,NULL,10,3,10,-1.5707963267949
BEIS90,FALSE,0,0,0,0,0,0,uPVC,LEFT,FALSE,,FALSE,100,NULL,10,3,10,-1.5707963267949
BEIS60,FALSE,0,0,0,0,0,0,uPVC,LEFT,FALSE,,FALSE,100,NULL,10,3,10,-1.5707963267949
BEIS30,FALSE,0,0,0,0,0,0,uPVC,RIGHT,FALSE,Cavity,FALSE,100,NULL,8,1,10,1.5707963267949
BEIS90,FALSE,0,0,0,0,0,0,uPVC,RIGHT,FALSE,Cavity,FALSE,100,NULL,8,1,10,1.5707963267949
BEIS60,FALSE,0,0,0,0,0,0,uPVC,RIGHT,FALSE,Cavity,FALSE,100,NULL,8,1,10,1.5707963267949
